{"cameraMode":{"drawMode":0,"name":"Shaded","section":"Shading Mode"},"sceneLighting":true,"audioPlay":false,"sceneViewState":{"m_AlwaysRefresh":false,"showFog":true,"showSkybox":true,"showFlares":true,"showImageEffects":true,"showParticleSystems":true,"showVisualEffectGraphs":true,"m_FxEnabled":true},"in2DMode":false,"pivot":{"x":-373.6000061035156,"y":72.83505249023438,"z":11.060606002807618},"rotation":{"x":-0.1597980111837387,"y":-0.013033885508775711,"z":0.002110021188855171,"w":-0.9870624542236328},"size":4.217792510986328,"orthographic":true}