{"cameraMode":{"drawMode":0,"name":"Shaded","section":"Shading Mode"},"sceneLighting":false,"audioPlay":false,"sceneViewState":{"m_AlwaysRefresh":false,"showFog":true,"showSkybox":false,"showFlares":true,"showImageEffects":true,"showParticleSystems":true,"showVisualEffectGraphs":true,"m_FxEnabled":true},"in2DMode":false,"pivot":{"x":-374.4975280761719,"y":72.10506439208985,"z":15.328317642211914},"rotation":{"x":-0.004785221070051193,"y":-0.9938690066337586,"z":-0.047742366790771487,"w":0.09961748868227005},"size":1.5675362348556519,"orthographic":true}